<?xml version="1.0" encoding="UTF-8"?>
<xfdu:XFDU xmlns:xfdu="urn:ccsds:schema:xfdu:1" xmlns:sentinel-safe="http://www.esa.int/safe/sentinel/1.1" xmlns:gml="http://www.opengis.net/gml" xmlns:sentinel3="http://www.esa.int/safe/sentinel/sentinel-3/1.0" xmlns:sral="http://www.esa.int/safe/sentinel/sentinel-3/sral/1.0" version="esa/safe/sentinel/sentinel-3/sral/level-1/1.0">
  <informationPackageMap>
    <xfdu:contentUnit ID="packageUnit" unitType="Information Package" textInfo="SENTINEL-3 SRAL Level 1" pdiID="processing" dmdID="acquisitionPeriod platform measurementOrbitReference measurementQualityInformation measurementFrameSet generalProductInformation sralProductInformation">
      <xfdu:contentUnit ID="MeasurementUnit" unitType="Measurement Data Unit" textInfo="Measurement Data Set">
        <dataObjectPointer dataObjectID="MeasurementData"/>
      </xfdu:contentUnit>
    </xfdu:contentUnit>
  </informationPackageMap>
  <metadataSection>
    <metadataObject ID="processing" classification="PROVENANCE" category="PDI">
      <metadataWrap mimeType="text/xml" vocabularyName="Sentinel-SAFE" textInfo="Processing">
        <xmlData>
          <sentinel-safe:processing name="DataProcessing" outputLevel="1" start="2018-02-02T23:02:15.000000Z" stop="2018-02-02T23:02:26.000000Z">
            <sentinel-safe:facility name="Land Reprocessing Centre 1 [LR1]" organisation="ACRI" site="Sophia Antipolis" country="France">
              <sentinel-safe:hardware name="REP"/>
              <sentinel-safe:software name="IPF-SR-1" version="06.13"/>
            </sentinel-safe:facility>
            <sentinel-safe:resource name="S3__AX___CST_AX_20000101T000000_20991231T235959_20151214T120000___________________MPC_O_AL_001.SEN3" role="Universal Constants File">
              <sentinel-safe:processing name="AdfProcessing">
                <sentinel-safe:facility name="ESA's Mission Performance Coordinating Centre (MPC)" organisation="ESA's Mission Performance Coordinating Centre" site="Sophia Antipolis" country="France">
                  <sentinel-safe:hardware name="OPE"/>
                  <sentinel-safe:software name="ADC" version="1.0"/>
                </sentinel-safe:facility>
              </sentinel-safe:processing>
            </sentinel-safe:resource>
            <sentinel-safe:resource name="S3A_AX___FRO_AX_20160301T130300_20160311T130300_20160304T150733___________________ESC_O_AL_001.SEN3" role="Time Correlation File"/>
            <sentinel-safe:resource name="S3A_AX___FRO_AX_20160301T130300_20160311T130300_20160304T150733___________________ESC_O_AL_001.SEN3" role="FOS Orbit File (Restituted)">
              <sentinel-safe:processing name="ADC_AUX_REFORMATTER">
                <sentinel-safe:facility name="MAR" organisation="European Organisation for the Exploitation of Meteorological Satellites" site="Darmstadt" country="Germany">
                  <sentinel-safe:hardware name="OPE"/>
                  <sentinel-safe:software name="ADC" version="2.0"/>
                </sentinel-safe:facility>
              </sentinel-safe:processing>
            </sentinel-safe:resource>
            <sentinel-safe:resource name="S3A_AX___OSF_AX_20160216T192404_99991231T235959_20170322T163046___________________EUM_O_AL_001.SEN3" role="Reference Orbit Scenario File">
              <sentinel-safe:processing name="ADC_AUX_REFORMATTER">
                <sentinel-safe:facility name="MAR" organisation="European Organisation for the Exploitation of Meteorological Satellites" site="Darmstadt" country="Germany">
                  <sentinel-safe:hardware name="OPE"/>
                  <sentinel-safe:software name="ADC" version="2.0"/>
                </sentinel-safe:facility>
              </sentinel-safe:processing>
            </sentinel-safe:resource>
            <sentinel-safe:resource name="S3A_SR_0_SRA____20160303T000609_20160303T001609_20170705T092536_0599_001_244______SVL_O_NR_002.SEN3" role="L0 Product">
              <sentinel-safe:processing name="DataProcessing" outputLevel="0" start="2017-07-05T09:25:35.993099Z" stop="2017-07-05T09:25:36.824343Z">
                <sentinel-safe:facility name="Svalbard Satellite Core Ground Station [SVL]" organisation="European Space Agency" site="Svalbard" country="Norway">
                  <sentinel-safe:hardware name="OPE"/>
                  <sentinel-safe:software name="IPF-0" version="06.09"/>
                </sentinel-safe:facility>
                <sentinel-safe:resource name="S3A_AX___FRO_AX_20160301T023700_20160311T023700_20160304T090037___________________ESC_O_AL_001.SEN3" role="FOS Orbit File (Restituted)"/>
                <sentinel-safe:resource name="S3A_AX___OSF_AX_20160216T192404_99991231T235959_20170322T163046___________________EUM_O_AL_001.SEN3" role="Reference Orbit Scenario File"/>
                <sentinel-safe:resource name="S3A_SR_0_SRA__G_20160303T000626_20160303T001626_20170705T092432_0600______________SVL_O_NR_OPE.ISIP" role="L0PP Granule"/>
                <sentinel-safe:resource name="S3A_TM_0_NAT____20160302T231610_20160303T005815_20170705T092459_6124_001_244______SVL_O_AL_002.SEN3" role="Orbit File"/>
                <sentinel-safe:resource name="S3A_TM_0_NAT____20160302T231610_20160303T005815_20170705T092459_6124_001_244______SVL_O_AL_002.SEN3" role="L0 Product"/>
                <sentinel-safe:resource name="S3A_TM_0_NAT____20160302T231610_20160303T005815_20170705T092459_6124_001_244______SVL_O_AL_002.SEN3" role="Orbit File"/>
                <sentinel-safe:resource name="S3A_TM_0_NAT____20160302T231610_20160303T005815_20170705T092459_6124_001_244______SVL_O_AL_002.SEN3" role="L0 Product"/>
                <sentinel-safe:resource name="S3IPF PDS 001 - i1r7 - Product Data Format Specification - Level 0" role="Product Data Format Specification - Level 0"/>
              </sentinel-safe:processing>
            </sentinel-safe:resource>
            <sentinel-safe:resource name="S3A_SR_0_SRA____20160303T001609_20160303T002609_20170705T092536_0599_001_244______SVL_O_NR_002.SEN3" role="L0 Product">
              <sentinel-safe:processing name="DataProcessing" outputLevel="0" start="2017-07-05T09:25:35.962827Z" stop="2017-07-05T09:25:36.771776Z">
                <sentinel-safe:facility name="Svalbard Satellite Core Ground Station [SVL]" organisation="European Space Agency" site="Svalbard" country="Norway">
                  <sentinel-safe:hardware name="OPE"/>
                  <sentinel-safe:software name="IPF-0" version="06.09"/>
                </sentinel-safe:facility>
                <sentinel-safe:resource name="S3A_AX___FRO_AX_20160301T023700_20160311T023700_20160304T090037___________________ESC_O_AL_001.SEN3" role="FOS Orbit File (Restituted)"/>
                <sentinel-safe:resource name="S3A_AX___OSF_AX_20160216T192404_99991231T235959_20170322T163046___________________EUM_O_AL_001.SEN3" role="Reference Orbit Scenario File"/>
                <sentinel-safe:resource name="S3A_SR_0_SRA__G_20160303T001626_20160303T002626_20170705T092432_0600______________SVL_O_NR_OPE.ISIP" role="L0PP Granule"/>
                <sentinel-safe:resource name="S3A_TM_0_NAT____20160302T231610_20160303T005815_20170705T092459_6124_001_244______SVL_O_AL_002.SEN3" role="Orbit File"/>
                <sentinel-safe:resource name="S3A_TM_0_NAT____20160302T231610_20160303T005815_20170705T092459_6124_001_244______SVL_O_AL_002.SEN3" role="L0 Product"/>
                <sentinel-safe:resource name="S3A_TM_0_NAT____20160302T231610_20160303T005815_20170705T092459_6124_001_244______SVL_O_AL_002.SEN3" role="Orbit File"/>
                <sentinel-safe:resource name="S3A_TM_0_NAT____20160302T231610_20160303T005815_20170705T092459_6124_001_244______SVL_O_AL_002.SEN3" role="L0 Product"/>
                <sentinel-safe:resource name="S3IPF PDS 001 - i1r7 - Product Data Format Specification - Level 0" role="Product Data Format Specification - Level 0"/>
              </sentinel-safe:processing>
            </sentinel-safe:resource>
            <sentinel-safe:resource name="S3A_SR_0_SRA____20160303T002609_20160303T003609_20170705T092528_0599_001_244______SVL_O_NR_002.SEN3" role="L0 Product">
              <sentinel-safe:processing name="DataProcessing" outputLevel="0" start="2017-07-05T09:25:27.423822Z" stop="2017-07-05T09:25:28.241440Z">
                <sentinel-safe:facility name="Svalbard Satellite Core Ground Station [SVL]" organisation="European Space Agency" site="Svalbard" country="Norway">
                  <sentinel-safe:hardware name="OPE"/>
                  <sentinel-safe:software name="IPF-0" version="06.09"/>
                </sentinel-safe:facility>
                <sentinel-safe:resource name="S3A_AX___FRO_AX_20160301T023700_20160311T023700_20160304T090037___________________ESC_O_AL_001.SEN3" role="FOS Orbit File (Restituted)"/>
                <sentinel-safe:resource name="S3A_AX___OSF_AX_20160216T192404_99991231T235959_20170322T163046___________________EUM_O_AL_001.SEN3" role="Reference Orbit Scenario File"/>
                <sentinel-safe:resource name="S3A_SR_0_SRA__G_20160303T002626_20160303T003626_20170705T092432_0600______________SVL_O_NR_OPE.ISIP" role="L0PP Granule"/>
                <sentinel-safe:resource name="S3A_TM_0_NAT____20160302T231610_20160303T005815_20170705T092459_6124_001_244______SVL_O_AL_002.SEN3" role="Orbit File"/>
                <sentinel-safe:resource name="S3A_TM_0_NAT____20160302T231610_20160303T005815_20170705T092459_6124_001_244______SVL_O_AL_002.SEN3" role="L0 Product"/>
                <sentinel-safe:resource name="S3A_TM_0_NAT____20160302T231610_20160303T005815_20170705T092459_6124_001_244______SVL_O_AL_002.SEN3" role="Orbit File"/>
                <sentinel-safe:resource name="S3A_TM_0_NAT____20160302T231610_20160303T005815_20170705T092459_6124_001_244______SVL_O_AL_002.SEN3" role="L0 Product"/>
                <sentinel-safe:resource name="S3IPF PDS 001 - i1r7 - Product Data Format Specification - Level 0" role="Product Data Format Specification - Level 0"/>
              </sentinel-safe:processing>
            </sentinel-safe:resource>
            <sentinel-safe:resource name="S3A_SR_0_SRA____20160303T003609_20160303T004609_20170705T092536_0599_001_244______SVL_O_NR_002.SEN3" role="L0 Product">
              <sentinel-safe:processing name="DataProcessing" outputLevel="0" start="2017-07-05T09:25:35.993966Z" stop="2017-07-05T09:25:36.817108Z">
                <sentinel-safe:facility name="Svalbard Satellite Core Ground Station [SVL]" organisation="European Space Agency" site="Svalbard" country="Norway">
                  <sentinel-safe:hardware name="OPE"/>
                  <sentinel-safe:software name="IPF-0" version="06.09"/>
                </sentinel-safe:facility>
                <sentinel-safe:resource name="S3A_AX___FRO_AX_20160301T023700_20160311T023700_20160304T090037___________________ESC_O_AL_001.SEN3" role="FOS Orbit File (Restituted)"/>
                <sentinel-safe:resource name="S3A_AX___OSF_AX_20160216T192404_99991231T235959_20170322T163046___________________EUM_O_AL_001.SEN3" role="Reference Orbit Scenario File"/>
                <sentinel-safe:resource name="S3A_SR_0_SRA__G_20160303T003626_20160303T004626_20170705T092432_0600______________SVL_O_NR_OPE.ISIP" role="L0PP Granule"/>
                <sentinel-safe:resource name="S3A_TM_0_NAT____20160302T231610_20160303T005815_20170705T092459_6124_001_244______SVL_O_AL_002.SEN3" role="Orbit File"/>
                <sentinel-safe:resource name="S3A_TM_0_NAT____20160302T231610_20160303T005815_20170705T092459_6124_001_244______SVL_O_AL_002.SEN3" role="L0 Product"/>
                <sentinel-safe:resource name="S3A_TM_0_NAT____20160302T231610_20160303T005815_20170705T092459_6124_001_244______SVL_O_AL_002.SEN3" role="Orbit File"/>
                <sentinel-safe:resource name="S3A_TM_0_NAT____20160302T231610_20160303T005815_20170705T092459_6124_001_244______SVL_O_AL_002.SEN3" role="L0 Product"/>
                <sentinel-safe:resource name="S3IPF PDS 001 - i1r7 - Product Data Format Specification - Level 0" role="Product Data Format Specification - Level 0"/>
              </sentinel-safe:processing>
            </sentinel-safe:resource>
            <sentinel-safe:resource name="S3A_SR_0_SRA____20160303T004609_20160303T005609_20170705T092528_0599_001_245______SVL_O_NR_002.SEN3" role="L0 Product">
              <sentinel-safe:processing name="DataProcessing" outputLevel="0" start="2017-07-05T09:25:27.354261Z" stop="2017-07-05T09:25:28.165639Z">
                <sentinel-safe:facility name="Svalbard Satellite Core Ground Station [SVL]" organisation="European Space Agency" site="Svalbard" country="Norway">
                  <sentinel-safe:hardware name="OPE"/>
                  <sentinel-safe:software name="IPF-0" version="06.09"/>
                </sentinel-safe:facility>
                <sentinel-safe:resource name="S3A_AX___FRO_AX_20160301T023700_20160311T023700_20160304T090037___________________ESC_O_AL_001.SEN3" role="FOS Orbit File (Restituted)"/>
                <sentinel-safe:resource name="S3A_AX___OSF_AX_20160216T192404_99991231T235959_20170322T163046___________________EUM_O_AL_001.SEN3" role="Reference Orbit Scenario File"/>
                <sentinel-safe:resource name="S3A_SR_0_SRA__G_20160303T004626_20160303T005626_20170705T092432_0600______________SVL_O_NR_OPE.ISIP" role="L0PP Granule"/>
                <sentinel-safe:resource name="S3A_TM_0_NAT____20160302T231610_20160303T005815_20170705T092459_6124_001_244______SVL_O_AL_002.SEN3" role="Orbit File"/>
                <sentinel-safe:resource name="S3A_TM_0_NAT____20160302T231610_20160303T005815_20170705T092459_6124_001_244______SVL_O_AL_002.SEN3" role="L0 Product"/>
                <sentinel-safe:resource name="S3A_TM_0_NAT____20160302T231610_20160303T005815_20170705T092459_6124_001_244______SVL_O_AL_002.SEN3" role="Orbit File"/>
                <sentinel-safe:resource name="S3A_TM_0_NAT____20160302T231610_20160303T005815_20170705T092459_6124_001_244______SVL_O_AL_002.SEN3" role="L0 Product"/>
                <sentinel-safe:resource name="S3IPF PDS 001 - i1r7 - Product Data Format Specification - Level 0" role="Product Data Format Specification - Level 0"/>
              </sentinel-safe:processing>
            </sentinel-safe:resource>
            <sentinel-safe:resource name="S3A_SR_0_SRA____20160303T005609_20160303T005815_20170705T092949_0125_001_245______SVL_O_NR_002.SEN3" role="L0 Product">
              <sentinel-safe:processing name="DataProcessing" outputLevel="0" start="2017-07-05T09:29:49.093029Z" stop="2017-07-05T09:29:50.984963Z">
                <sentinel-safe:facility name="Svalbard Satellite Core Ground Station [SVL]" organisation="European Space Agency" site="Svalbard" country="Norway">
                  <sentinel-safe:hardware name="OPE"/>
                  <sentinel-safe:software name="IPF-0" version="06.09"/>
                </sentinel-safe:facility>
                <sentinel-safe:resource name="S3A_AX___FRO_AX_20160301T023700_20160311T023700_20160304T090037___________________ESC_O_AL_001.SEN3" role="FOS Orbit File (Restituted)"/>
                <sentinel-safe:resource name="S3A_AX___FRO_AX_20160301T023700_20160311T023700_20160304T090037___________________ESC_O_AL_001.SEN3" role="FOS Orbit File (Restituted)"/>
                <sentinel-safe:resource name="S3A_AX___OSF_AX_20160216T192404_99991231T235959_20170322T163046___________________EUM_O_AL_001.SEN3" role="Orbit File"/>
                <sentinel-safe:resource name="S3A_AX___OSF_AX_20160216T192404_99991231T235959_20170322T163046___________________EUM_O_AL_001.SEN3" role="Reference Orbit Scenario File"/>
                <sentinel-safe:resource name="S3A_SR_0_SRA__G_20160303T005626_20160303T005832_20170705T092432_0125______________SVL_O_NR_OPE.ISIP" role="L0PP Granule"/>
                <sentinel-safe:resource name="S3IPF PDS 001 - i1r7 - Product Data Format Specification - Level 0" role="Product Data Format Specification - Level 0"/>
              </sentinel-safe:processing>
            </sentinel-safe:resource>
            <sentinel-safe:resource name="S3A_SR_0_SRA____20160303T005815_20160303T010815_20170705T092949_0599_001_245______SVL_O_NR_002.SEN3" role="L0 Product">
              <sentinel-safe:processing name="DataProcessing" outputLevel="0" start="2017-07-05T09:29:49.183536Z" stop="2017-07-05T09:29:52.349942Z">
                <sentinel-safe:facility name="Svalbard Satellite Core Ground Station [SVL]" organisation="European Space Agency" site="Svalbard" country="Norway">
                  <sentinel-safe:hardware name="OPE"/>
                  <sentinel-safe:software name="IPF-0" version="06.09"/>
                </sentinel-safe:facility>
                <sentinel-safe:resource name="S3A_AX___FRO_AX_20160301T023700_20160311T023700_20160304T090037___________________ESC_O_AL_001.SEN3" role="FOS Orbit File (Restituted)"/>
                <sentinel-safe:resource name="S3A_AX___OSF_AX_20160216T192404_99991231T235959_20170322T163046___________________EUM_O_AL_001.SEN3" role="Orbit File"/>
                <sentinel-safe:resource name="S3A_AX___OSF_AX_20160216T192404_99991231T235959_20170322T163046___________________EUM_O_AL_001.SEN3" role="Reference Orbit Scenario File"/>
                <sentinel-safe:resource name="S3A_SR_0_SRA__G_20160303T005832_20160303T010832_20170705T092852_0600______________SVL_O_NR_OPE.ISIP" role="L0PP Granule"/>
                <sentinel-safe:resource name="S3A_TM_0_NAT____20160303T005816_20160303T024045_20170705T092920_6149_001_245______SVL_O_AL_002.SEN3" role="L0 Product"/>
                <sentinel-safe:resource name="S3A_TM_0_NAT____20160303T005816_20160303T024045_20170705T092920_6149_001_245______SVL_O_AL_002.SEN3" role="L0 Product"/>
                <sentinel-safe:resource name="S3IPF PDS 001 - i1r7 - Product Data Format Specification - Level 0" role="Product Data Format Specification - Level 0"/>
              </sentinel-safe:processing>
            </sentinel-safe:resource>
            <sentinel-safe:resource name="S3A_SR_1_CA1LAX_20000101T000000_20180110T064747_20180118T224552___________________LR1_R_AL____.SEN3" role="SRAL Internal calibration Long Term Monitoring parameters CAL1_LRM_LTM">
              <sentinel-safe:processing name="AdfProcessing">
                <sentinel-safe:facility name="Land Reprocessing Centre 1 [LR1]" organisation="ACRI" site="Sophia Antipolis" country="France">
                  <sentinel-safe:hardware name="REP"/>
                  <sentinel-safe:software name="IPF-SR-1-CAL" version="06.13"/>
                </sentinel-safe:facility>
              </sentinel-safe:processing>
            </sentinel-safe:resource>
            <sentinel-safe:resource name="S3A_SR_1_CA1SAX_20000101T000000_20180110T064754_20180118T224552___________________LR1_R_AL____.SEN3" role="SRAL Internal calibration Long Term Monitoring parameters CAL1_SAR_LTM">
              <sentinel-safe:processing name="AdfProcessing">
                <sentinel-safe:facility name="Land Reprocessing Centre 1 [LR1]" organisation="ACRI" site="Sophia Antipolis" country="France">
                  <sentinel-safe:hardware name="REP"/>
                  <sentinel-safe:software name="IPF-SR-1-CAL" version="06.13"/>
                </sentinel-safe:facility>
              </sentinel-safe:processing>
            </sentinel-safe:resource>
            <sentinel-safe:resource name="S3A_SR_1_CA2CAX_20000101T000000_20180110T064800_20180118T224552___________________LR1_R_AL____.SEN3" role="SRAL Internal calibration Long Term Monitoring parameters CAL2_C_LTM">
              <sentinel-safe:processing name="AdfProcessing">
                <sentinel-safe:facility name="Land Reprocessing Centre 1 [LR1]" organisation="ACRI" site="Sophia Antipolis" country="France">
                  <sentinel-safe:hardware name="REP"/>
                  <sentinel-safe:software name="IPF-SR-1-CAL" version="06.13"/>
                </sentinel-safe:facility>
              </sentinel-safe:processing>
            </sentinel-safe:resource>
            <sentinel-safe:resource name="S3A_SR_1_CA2KAX_20000101T000000_20180110T064800_20180118T224552___________________LR1_R_AL____.SEN3" role="SRAL Internal calibration Long Term Monitoring parameters CAL2_Ku_LTM">
              <sentinel-safe:processing name="AdfProcessing">
                <sentinel-safe:facility name="Land Reprocessing Centre 1 [LR1]" organisation="ACRI" site="Sophia Antipolis" country="France">
                  <sentinel-safe:hardware name="REP"/>
                  <sentinel-safe:software name="IPF-SR-1-CAL" version="06.13"/>
                </sentinel-safe:facility>
              </sentinel-safe:processing>
            </sentinel-safe:resource>
            <sentinel-safe:resource name="S3__SR_1_CONMAX_20160216T000000_20991231T235959_20171130T120000___________________MPC_O_AL_006.SEN3" role="SRAL Configuration Data File - L1 processor">
              <sentinel-safe:processing name="AdfProcessing">
                <sentinel-safe:facility name="ESA Mission Performance Coordinating Centre (MPC)" organisation="ESA Mission Performance Coordinating Centre" site="Sophia Antipolis" country="France">
                  <sentinel-safe:hardware name="OPE"/>
                  <sentinel-safe:software name="ADC" version="1.0"/>
                </sentinel-safe:facility>
              </sentinel-safe:processing>
            </sentinel-safe:resource>
            <sentinel-safe:resource name="S3A_SR_1_USO_AX_20160223T195017_20180131T015108_20180131T084845___________________CNE_O_AL_001.SEN3" role="USO frequency">
              <sentinel-safe:processing name="ADC_AUX_REFORMATTER">
                <sentinel-safe:facility name="MAR" organisation="European Organisation for the Exploitation of Meteorological Satellites" site="Darmstadt" country="Germany">
                  <sentinel-safe:hardware name="OPE"/>
                  <sentinel-safe:software name="ADC" version="2.0"/>
                </sentinel-safe:facility>
              </sentinel-safe:processing>
            </sentinel-safe:resource>
            <sentinel-safe:resource name="S3A_SR___CHDNAX_20000101T000000_20991231T235959_20160603T120000___________________MPC_O_AL_002.SEN3" role="SRAL instrumental characterization data. Nominal.">
              <sentinel-safe:processing name="AdfProcessing">
                <sentinel-safe:facility name="ESA's Mission Performance Coordinating Centre (MPC)" organisation="ESA's Mission Performance Coordinating Centre" site="Sophia Antipolis" country="France">
                  <sentinel-safe:hardware name="OPE"/>
                  <sentinel-safe:software name="ADC" version="1.0"/>
                </sentinel-safe:facility>
              </sentinel-safe:processing>
            </sentinel-safe:resource>
            <sentinel-safe:resource name="S3__SR___LSM_AX_20000101T000000_20991231T235959_20151214T120000___________________MPC_O_AL_001.SEN3" role="SRAL Land/Sea Mask">
              <sentinel-safe:processing name="AdfProcessing">
                <sentinel-safe:facility name="ESA's Mission Performance Coordinating Centre (MPC)" organisation="ESA's Mission Performance Coordinating Centre" site="Sophia Antipolis" country="France">
                  <sentinel-safe:hardware name="OPE"/>
                  <sentinel-safe:software name="ADC" version="1.0"/>
                </sentinel-safe:facility>
              </sentinel-safe:processing>
            </sentinel-safe:resource>
            <sentinel-safe:resource name="S3A_SR___POESAX_20160302T215524_20160304T002324_20160420T144441___________________CNE_O_NT_001.SEN3" role="Orbit File"/>
            <sentinel-safe:resource name="S3A_SR___POESAX_20160302T215524_20160304T002324_20160420T144441___________________CNE_O_NT_001.SEN3" role="NTC Precise orbit file (computed with DORIS, GNSS and laser data)">
              <sentinel-safe:processing name="ADC_AUX_REFORMATTER">
                <sentinel-safe:facility name="MAR" organisation="European Organisation for the Exploitation of Meteorological Satellites" site="Darmstadt" country="Germany">
                  <sentinel-safe:hardware name="OPE"/>
                  <sentinel-safe:software name="ADC" version="2.0"/>
                </sentinel-safe:facility>
              </sentinel-safe:processing>
            </sentinel-safe:resource>
            <sentinel-safe:resource name="S3A_TM_0_NAT____20160302T231610_20160303T005804_20160303T010020_6114_001_244______SVL_O_AL_001.SEN3" role="L0 Product">
              <sentinel-safe:processing name="DataProcessing" outputLevel="0" start="2016-03-03T01:00:19.315744Z" stop="2016-03-03T01:00:22.281278Z">
                <sentinel-safe:facility name="Svalbard Satellite Core Ground Station" organisation="European Space Agency" site="Svalbard" country="Norway">
                  <sentinel-safe:hardware name="OPE"/>
                  <sentinel-safe:software name="IPF-0" version="05.03.02"/>
                </sentinel-safe:facility>
                <sentinel-safe:resource name="S3A_AX___FRO_AX_20160228T104530_20160309T104530_20160302T113841___________________ESC_O_AL_001.SEN3" role="FOS Orbit File (Restituted)"/>
                <sentinel-safe:resource name="S3A_AX___FRO_AX_20160228T104530_20160309T104530_20160302T113841___________________ESC_O_AL_001.SEN3" role="FOS Orbit File (Restituted)"/>
                <sentinel-safe:resource name="S3A_AX___OSF_AX_20160216T192404_99991231T235959_20160222T151134___________________EUM_O_AL_001.SEN3" role="Orbit File"/>
                <sentinel-safe:resource name="S3A_AX___OSF_AX_20160216T192404_99991231T235959_20160222T151134___________________EUM_O_AL_001.SEN3" role="Reference Orbit Scenario File"/>
                <sentinel-safe:resource name="S3A_TM_0_NAT__G_20160302T231627_20160303T005821_20160303T005918_6114______________SVL_O_NR_OPE.ISIP" role="L0PP Granule"/>
                <sentinel-safe:resource name="S3IPF PDS 001 - i1r7 - Product Data Format Specification - Level 0" role="Product Data Specification Document - Level 0"/>
              </sentinel-safe:processing>
            </sentinel-safe:resource>
            <sentinel-safe:resource name="S3A_TM_0_NAT____20160302T231610_20160303T005804_20160303T010109_6114_001_244______MAR_O_AL_001.SEN3" role="L0 Product">
              <sentinel-safe:processing name="DataProcessing" outputLevel="0" start="2016-03-03T01:01:08.065377Z" stop="2016-03-03T01:01:11.052889Z">
                <sentinel-safe:facility name="Marine Processing and Archiving Centre" organisation="European Organisation for the Exploitation of Meteorological Satellites" site="Darmstadt" country="Germany">
                  <sentinel-safe:hardware name="OPE"/>
                  <sentinel-safe:software name="IPF-0" version="05.03.02"/>
                </sentinel-safe:facility>
                <sentinel-safe:resource name="S3A_AX___FRO_AX_20160228T104530_20160309T104530_20160302T113841___________________ESC_O_AL_001.SEN3" role="FOS Orbit File (Restituted)"/>
                <sentinel-safe:resource name="S3A_AX___FRO_AX_20160228T104530_20160309T104530_20160302T113841___________________ESC_O_AL_001.SEN3" role="FOS Orbit File (Restituted)"/>
                <sentinel-safe:resource name="S3A_AX___OSF_AX_20160216T192404_99991231T235959_20160222T151134___________________EUM_O_AL_001.SEN3" role="Orbit File"/>
                <sentinel-safe:resource name="S3A_AX___OSF_AX_20160216T192404_99991231T235959_20160222T151134___________________EUM_O_AL_001.SEN3" role="Reference Orbit Scenario File"/>
                <sentinel-safe:resource name="S3A_TM_0_NAT__G_20160302T231627_20160303T005821_20160303T005918_6114______________SVL_O_NR_OPE.ISIP" role="L0PP Granule"/>
                <sentinel-safe:resource name="S3IPF PDS 001 - i1r7 - Product Data Format Specification - Level 0" role="Product Data Specification Document - Level 0"/>
              </sentinel-safe:processing>
            </sentinel-safe:resource>
            <sentinel-safe:resource name="S3A_TM_0_NAT____20160302T231610_20160303T005815_20160303T012049_6124_001_244______MAR_O_AL_001.SEN3" role="L0 Product">
              <sentinel-safe:processing name="DataProcessing" outputLevel="0" start="2016-03-03T01:20:48.645550Z" stop="2016-03-03T01:20:51.613253Z">
                <sentinel-safe:facility name="Marine Processing and Archiving Centre" organisation="European Organisation for the Exploitation of Meteorological Satellites" site="Darmstadt" country="Germany">
                  <sentinel-safe:hardware name="OPE"/>
                  <sentinel-safe:software name="IPF-0" version="05.03.02"/>
                </sentinel-safe:facility>
                <sentinel-safe:resource name="S3A_AX___FRO_AX_20160228T104530_20160309T104530_20160302T113841___________________ESC_O_AL_001.SEN3" role="FOS Orbit File (Restituted)"/>
                <sentinel-safe:resource name="S3A_AX___FRO_AX_20160228T104530_20160309T104530_20160302T113841___________________ESC_O_AL_001.SEN3" role="FOS Orbit File (Restituted)"/>
                <sentinel-safe:resource name="S3A_AX___OSF_AX_20160216T192404_99991231T235959_20160222T151134___________________EUM_O_AL_001.SEN3" role="Orbit File"/>
                <sentinel-safe:resource name="S3A_AX___OSF_AX_20160216T192404_99991231T235959_20160222T151134___________________EUM_O_AL_001.SEN3" role="Reference Orbit Scenario File"/>
                <sentinel-safe:resource name="S3A_TM_0_NAT__G_20160302T231627_20160303T005832_20160303T010710_6125______________SVL_O_NR_OPE.ISIP" role="L0PP Granule"/>
                <sentinel-safe:resource name="S3IPF PDS 001 - i1r7 - Product Data Format Specification - Level 0" role="Product Data Specification Document - Level 0"/>
              </sentinel-safe:processing>
            </sentinel-safe:resource>
            <sentinel-safe:resource name="S3A_TM_0_NAT____20160302T231610_20160303T005815_20160303T011059_6124_001_244______SVL_O_AL_001.SEN3" role="L0 Product">
              <sentinel-safe:processing name="DataProcessing" outputLevel="0" start="2016-03-03T01:10:58.520747Z" stop="2016-03-03T01:11:01.360294Z">
                <sentinel-safe:facility name="Svalbard Satellite Core Ground Station" organisation="European Space Agency" site="Svalbard" country="Norway">
                  <sentinel-safe:hardware name="OPE"/>
                  <sentinel-safe:software name="IPF-0" version="05.03.02"/>
                </sentinel-safe:facility>
                <sentinel-safe:resource name="S3A_AX___FRO_AX_20160228T104530_20160309T104530_20160302T113841___________________ESC_O_AL_001.SEN3" role="FOS Orbit File (Restituted)"/>
                <sentinel-safe:resource name="S3A_AX___FRO_AX_20160228T104530_20160309T104530_20160302T113841___________________ESC_O_AL_001.SEN3" role="FOS Orbit File (Restituted)"/>
                <sentinel-safe:resource name="S3A_AX___OSF_AX_20160216T192404_99991231T235959_20160222T151134___________________EUM_O_AL_001.SEN3" role="Orbit File"/>
                <sentinel-safe:resource name="S3A_AX___OSF_AX_20160216T192404_99991231T235959_20160222T151134___________________EUM_O_AL_001.SEN3" role="Reference Orbit Scenario File"/>
                <sentinel-safe:resource name="S3A_TM_0_NAT__G_20160302T231627_20160303T005832_20160303T010710_6125______________SVL_O_NR_OPE.ISIP" role="L0PP Granule"/>
                <sentinel-safe:resource name="S3IPF PDS 001 - i1r7 - Product Data Format Specification - Level 0" role="Product Data Specification Document - Level 0"/>
              </sentinel-safe:processing>
            </sentinel-safe:resource>
            <sentinel-safe:resource name="S3A_TM_0_NAT____20160303T005816_20160303T024045_20160303T025450_6149_001_245______MAR_O_AL_001.SEN3" role="L0 Product">
              <sentinel-safe:processing name="DataProcessing" outputLevel="0" start="2016-03-03T02:54:48.693182Z" stop="2016-03-03T02:54:51.615966Z">
                <sentinel-safe:facility name="Marine Processing and Archiving Centre" organisation="European Organisation for the Exploitation of Meteorological Satellites" site="Darmstadt" country="Germany">
                  <sentinel-safe:hardware name="OPE"/>
                  <sentinel-safe:software name="IPF-0" version="05.03.02"/>
                </sentinel-safe:facility>
                <sentinel-safe:resource name="S3A_AX___FRO_AX_20160228T104530_20160309T104530_20160302T113841___________________ESC_O_AL_001.SEN3" role="FOS Orbit File (Restituted)"/>
                <sentinel-safe:resource name="S3A_AX___FRO_AX_20160228T104530_20160309T104530_20160302T113841___________________ESC_O_AL_001.SEN3" role="FOS Orbit File (Restituted)"/>
                <sentinel-safe:resource name="S3A_AX___OSF_AX_20160216T192404_99991231T235959_20160222T151134___________________EUM_O_AL_001.SEN3" role="Orbit File"/>
                <sentinel-safe:resource name="S3A_AX___OSF_AX_20160216T192404_99991231T235959_20160222T151134___________________EUM_O_AL_001.SEN3" role="Reference Orbit Scenario File"/>
                <sentinel-safe:resource name="S3A_TM_0_NAT__G_20160303T005833_20160303T024102_20160303T024841_6149______________SVL_O_NR_OPE.ISIP" role="L0PP Granule"/>
                <sentinel-safe:resource name="S3IPF PDS 001 - i1r7 - Product Data Format Specification - Level 0" role="Product Data Specification Document - Level 0"/>
              </sentinel-safe:processing>
            </sentinel-safe:resource>
            <sentinel-safe:resource name="S3A_TM_0_NAT____20160303T005816_20160303T024040_20160303T024218_6144_001_245______SVL_O_AL_001.SEN3" role="L0 Product">
              <sentinel-safe:processing name="DataProcessing" outputLevel="0" start="2016-03-03T02:42:17.395558Z" stop="2016-03-03T02:42:20.314493Z">
                <sentinel-safe:facility name="Svalbard Satellite Core Ground Station" organisation="European Space Agency" site="Svalbard" country="Norway">
                  <sentinel-safe:hardware name="OPE"/>
                  <sentinel-safe:software name="IPF-0" version="05.03.02"/>
                </sentinel-safe:facility>
                <sentinel-safe:resource name="S3A_AX___FRO_AX_20160228T104530_20160309T104530_20160302T113841___________________ESC_O_AL_001.SEN3" role="FOS Orbit File (Restituted)"/>
                <sentinel-safe:resource name="S3A_AX___FRO_AX_20160228T104530_20160309T104530_20160302T113841___________________ESC_O_AL_001.SEN3" role="FOS Orbit File (Restituted)"/>
                <sentinel-safe:resource name="S3A_AX___OSF_AX_20160216T192404_99991231T235959_20160222T151134___________________EUM_O_AL_001.SEN3" role="Orbit File"/>
                <sentinel-safe:resource name="S3A_AX___OSF_AX_20160216T192404_99991231T235959_20160222T151134___________________EUM_O_AL_001.SEN3" role="Reference Orbit Scenario File"/>
                <sentinel-safe:resource name="S3A_TM_0_NAT__G_20160303T005833_20160303T024057_20160303T024157_6144______________SVL_O_NR_OPE.ISIP" role="L0PP Granule"/>
                <sentinel-safe:resource name="S3IPF PDS 001 - i1r7 - Product Data Format Specification - Level 0" role="Product Data Specification Document - Level 0"/>
              </sentinel-safe:processing>
            </sentinel-safe:resource>
            <sentinel-safe:resource name="S3A_TM_0_NAT____20160303T005816_20160303T024040_20160303T024249_6144_001_245______MAR_O_AL_001.SEN3" role="L0 Product">
              <sentinel-safe:processing name="DataProcessing" outputLevel="0" start="2016-03-03T02:42:48.138421Z" stop="2016-03-03T02:42:51.129397Z">
                <sentinel-safe:facility name="Marine Processing and Archiving Centre" organisation="European Organisation for the Exploitation of Meteorological Satellites" site="Darmstadt" country="Germany">
                  <sentinel-safe:hardware name="OPE"/>
                  <sentinel-safe:software name="IPF-0" version="05.03.02"/>
                </sentinel-safe:facility>
                <sentinel-safe:resource name="S3A_AX___FRO_AX_20160228T104530_20160309T104530_20160302T113841___________________ESC_O_AL_001.SEN3" role="FOS Orbit File (Restituted)"/>
                <sentinel-safe:resource name="S3A_AX___FRO_AX_20160228T104530_20160309T104530_20160302T113841___________________ESC_O_AL_001.SEN3" role="FOS Orbit File (Restituted)"/>
                <sentinel-safe:resource name="S3A_AX___OSF_AX_20160216T192404_99991231T235959_20160222T151134___________________EUM_O_AL_001.SEN3" role="Orbit File"/>
                <sentinel-safe:resource name="S3A_AX___OSF_AX_20160216T192404_99991231T235959_20160222T151134___________________EUM_O_AL_001.SEN3" role="Reference Orbit Scenario File"/>
                <sentinel-safe:resource name="S3A_TM_0_NAT__G_20160303T005833_20160303T024057_20160303T024157_6144______________SVL_O_NR_OPE.ISIP" role="L0PP Granule"/>
                <sentinel-safe:resource name="S3IPF PDS 001 - i1r7 - Product Data Format Specification - Level 0" role="Product Data Specification Document - Level 0"/>
              </sentinel-safe:processing>
            </sentinel-safe:resource>
            <sentinel-safe:resource name="S3A_TM_0_NAT____20160303T005816_20160303T024045_20160303T025218_6149_001_245______SVL_O_AL_001.SEN3" role="L0 Product">
              <sentinel-safe:processing name="DataProcessing" outputLevel="0" start="2016-03-03T02:52:17.424336Z" stop="2016-03-03T02:52:20.340378Z">
                <sentinel-safe:facility name="Svalbard Satellite Core Ground Station" organisation="European Space Agency" site="Svalbard" country="Norway">
                  <sentinel-safe:hardware name="OPE"/>
                  <sentinel-safe:software name="IPF-0" version="05.03.02"/>
                </sentinel-safe:facility>
                <sentinel-safe:resource name="S3A_AX___FRO_AX_20160228T104530_20160309T104530_20160302T113841___________________ESC_O_AL_001.SEN3" role="FOS Orbit File (Restituted)"/>
                <sentinel-safe:resource name="S3A_AX___FRO_AX_20160228T104530_20160309T104530_20160302T113841___________________ESC_O_AL_001.SEN3" role="FOS Orbit File (Restituted)"/>
                <sentinel-safe:resource name="S3A_AX___OSF_AX_20160216T192404_99991231T235959_20160222T151134___________________EUM_O_AL_001.SEN3" role="Orbit File"/>
                <sentinel-safe:resource name="S3A_AX___OSF_AX_20160216T192404_99991231T235959_20160222T151134___________________EUM_O_AL_001.SEN3" role="Reference Orbit Scenario File"/>
                <sentinel-safe:resource name="S3A_TM_0_NAT__G_20160303T005833_20160303T024102_20160303T024841_6149______________SVL_O_NR_OPE.ISIP" role="L0PP Granule"/>
                <sentinel-safe:resource name="S3IPF PDS 001 - i1r7 - Product Data Format Specification - Level 0" role="Product Data Specification Document - Level 0"/>
              </sentinel-safe:processing>
            </sentinel-safe:resource>
            <sentinel-safe:resource name="S3IPF PDS 003 - i2r10 - Product Data Format Specification - SRAL-MWR" role="Product Data Format Specification - SRAL-MWR"/>
            <sentinel-safe:resource name="S3IPF PDS 008 - i3r3 - Metadata Specification" role="Product Data Format Specification - Metadata Specification"/>
          </sentinel-safe:processing>
        </xmlData>
      </metadataWrap>
    </metadataObject>
    <metadataObject ID="acquisitionPeriod" classification="DESCRIPTION" category="DMD">
      <metadataWrap mimeType="text/xml" vocabularyName="Sentinel-SAFE" textInfo="Acquisition Period">
        <xmlData>
          <sentinel-safe:acquisitionPeriod>
            <sentinel-safe:startTime>2016-03-03T00:12:55.550196Z</sentinel-safe:startTime>
            <sentinel-safe:stopTime>2016-03-03T01:03:24.483713Z</sentinel-safe:stopTime>
          </sentinel-safe:acquisitionPeriod>
        </xmlData>
      </metadataWrap>
    </metadataObject>
    <metadataObject ID="platform" classification="DESCRIPTION" category="DMD">
      <metadataWrap mimeType="text/xml" vocabularyName="Sentinel-SAFE" textInfo="Platform Description">
        <xmlData>
          <sentinel-safe:platform>
            <sentinel-safe:nssdcIdentifier>2016-011A</sentinel-safe:nssdcIdentifier>
            <sentinel-safe:familyName>Sentinel-3</sentinel-safe:familyName>
            <sentinel-safe:number>A</sentinel-safe:number>
            <sentinel-safe:instrument>
              <sentinel-safe:familyName abbreviation="SRAL">Sar Radar ALtimeter</sentinel-safe:familyName>
              <sentinel-safe:mode identifier="EO">Earth Observation</sentinel-safe:mode>
            </sentinel-safe:instrument>
          </sentinel-safe:platform>
        </xmlData>
      </metadataWrap>
    </metadataObject>
    <metadataObject ID="generalProductInformation" classification="DESCRIPTION" category="DMD">
      <metadataWrap mimeType="text/xml" vocabularyName="Sentinel-SAFE" textInfo="General Product Information">
        <xmlData>
          <sentinel3:generalProductInformation>
            <sentinel3:productName>S3A_SR_1_SRA____20160303T001256_20160303T010324_20180202T230226_3028_001_244______LR1_R_NT_003.SEN3</sentinel3:productName>
            <sentinel3:productType>SR_1_SRA___</sentinel3:productType>
            <sentinel3:timeliness>NT</sentinel3:timeliness>
            <sentinel3:baselineCollection>003</sentinel3:baselineCollection>
            <sentinel3:creationTime>20180202T230226</sentinel3:creationTime>
            <sentinel3:productSize>32987411</sentinel3:productSize>
            <sentinel3:dumpInformation>
              <sentinel3:granuleNumber>6</sentinel3:granuleNumber>
              <sentinel3:granulePosition>NONE</sentinel3:granulePosition>
              <sentinel3:dumpStart>2016-03-02T23:16:09.275620Z</sentinel3:dumpStart>
              <sentinel3:receivingGroundStation>CGS</sentinel3:receivingGroundStation>
              <sentinel3:receivingStartTime>2016-03-03T00:58:14.328500Z</sentinel3:receivingStartTime>
              <sentinel3:receivingStopTime>2016-03-03T00:58:14.434610Z</sentinel3:receivingStopTime>
            </sentinel3:dumpInformation>
            <sentinel3:dispositionMode></sentinel3:dispositionMode>
            <sentinel3:productUnit>
              <sentinel3:type></sentinel3:type>
              <sentinel3:duration>3028</sentinel3:duration>
            </sentinel3:productUnit>
          </sentinel3:generalProductInformation>
        </xmlData>
      </metadataWrap>
    </metadataObject>
    <metadataObject ID="measurementOrbitReference" classification="DESCRIPTION" category="DMD">
      <metadataWrap mimeType="text/xml" vocabularyName="Sentinel-SAFE" textInfo="Orbit Reference">
        <xmlData>
          <sentinel-safe:orbitReference>
            <sentinel-safe:orbitNumber groundTrackDirection="descending" type="start">217</sentinel-safe:orbitNumber>
            <sentinel-safe:orbitNumber groundTrackDirection="ascending" type="stop">218</sentinel-safe:orbitNumber>
            <sentinel-safe:relativeOrbitNumber groundTrackDirection="descending" type="start">244</sentinel-safe:relativeOrbitNumber>
            <sentinel-safe:relativeOrbitNumber groundTrackDirection="ascending" type="stop">245</sentinel-safe:relativeOrbitNumber>
            <sentinel-safe:passNumber groundTrackDirection="descending" type="start">434</sentinel-safe:passNumber>
            <sentinel-safe:passNumber groundTrackDirection="ascending" type="stop">435</sentinel-safe:passNumber>
            <sentinel-safe:relativePassNumber groundTrackDirection="descending" type="start">488</sentinel-safe:relativePassNumber>
            <sentinel-safe:relativePassNumber groundTrackDirection="ascending" type="stop">489</sentinel-safe:relativePassNumber>
            <sentinel-safe:cycleNumber>1</sentinel-safe:cycleNumber>
            <sentinel-safe:phaseIdentifier>1</sentinel-safe:phaseIdentifier>
            <sentinel-safe:elementSet>
              <sentinel-safe:ephemeris>
                <sentinel-safe:epoch type="UTC">2016-03-02T22:57:15.341715Z</sentinel-safe:epoch>
                <sentinel-safe:epoch type="UT1">2016-03-02T22:57:15.318230</sentinel-safe:epoch>
                <sentinel-safe:epoch type="TAI">2016-03-02T22:57:51.341715</sentinel-safe:epoch>
                <sentinel-safe:position>
                  <sentinel-safe:x>+6960021.445</sentinel-safe:x>
                  <sentinel-safe:y>-1778741.883</sentinel-safe:y>
                  <sentinel-safe:z>-0000000.001</sentinel-safe:z>
                </sentinel-safe:position>
                <sentinel-safe:velocity>
                  <sentinel-safe:x>-0414.539566</sentinel-safe:x>
                  <sentinel-safe:y>-1587.568376</sentinel-safe:y>
                  <sentinel-safe:z>+7366.402739</sentinel-safe:z>
                </sentinel-safe:velocity>
              </sentinel-safe:ephemeris>
              <sentinel-safe:ephemeris>
                <sentinel-safe:epoch type="UTC">2016-03-03T00:38:14.562608Z</sentinel-safe:epoch>
                <sentinel-safe:epoch type="UT1">2016-03-03T00:38:14.539009</sentinel-safe:epoch>
                <sentinel-safe:epoch type="TAI">2016-03-03T00:38:50.562608</sentinel-safe:epoch>
                <sentinel-safe:position>
                  <sentinel-safe:x>+5536530.920</sentinel-safe:x>
                  <sentinel-safe:y>-4577406.097</sentinel-safe:y>
                  <sentinel-safe:z>-0000000.002</sentinel-safe:z>
                </sentinel-safe:position>
                <sentinel-safe:velocity>
                  <sentinel-safe:x>-1052.068136</sentinel-safe:x>
                  <sentinel-safe:y>-1259.114386</sentinel-safe:y>
                  <sentinel-safe:z>+7366.402739</sentinel-safe:z>
                </sentinel-safe:velocity>
              </sentinel-safe:ephemeris>
            </sentinel-safe:elementSet>
          </sentinel-safe:orbitReference>
        </xmlData>
      </metadataWrap>
    </metadataObject>
    <metadataObject ID="measurementQualityInformation" classification="DESCRIPTION" category="DMD">
      <metadataWrap mimeType="text/xml" vocabularyName="Sentinel-SAFE" textInfo="Quality Information">
        <xmlData>
          <sentinel-safe:qualityInformation>
            <sentinel-safe:extension>
              <sentinel3:productQuality>
                <sentinel3:onlineQualityCheck>PASSED</sentinel3:onlineQualityCheck>
                <sentinel3:degradationFlags>INPUT_GAPS</sentinel3:degradationFlags>
              </sentinel3:productQuality>
            </sentinel-safe:extension>
          </sentinel-safe:qualityInformation>
        </xmlData>
      </metadataWrap>
    </metadataObject>
    <metadataObject ID="measurementFrameSet" classification="DESCRIPTION" category="DMD">
      <metadataWrap mimeType="text/xml" vocabularyName="Sentinel-SAFE" textInfo="Frame Set">
        <xmlData>
          <sentinel-safe:frameSet>
            <sentinel-safe:footPrint srsName="http://www.opengis.net/def/crs/EPSG/0/4326">
              <gml:posList>-81.4194 57.8604 -81.2698 45.8722 -80.7723 34.7198 -79.9783 24.9905 -78.9515 16.8394 -77.7503 10.1376 -76.4207 4.64756 -74.9968 0.126538 -73.5029 -3.63293 -71.9561 -6.79569 -70.369 -9.48875 -68.7503 -11.809 -67.1066 -13.8305 -65.4429 -15.6099 -63.7629 -17.1912 -62.0693 -18.609 -60.3643 -19.8902 -58.6497 -21.0567 -56.9269 -22.1259 -55.197 -23.1121 -53.4609 -24.0268 -51.7192 -24.8797 -49.9728 -25.679 -48.2219 -26.4313 -46.4672 -27.1424 -44.7089 -27.8172 -42.9474 -28.4598 -41.1829 -29.0739 -39.4157 -29.6626 -37.6461 -30.2286 -35.8741 -30.7742 -34.0999 -31.3017 -32.3238 -31.8129 -30.5459 -32.3094 -28.7662 -32.7927 -26.9849 -33.2641 -25.2022 -33.725 -23.418 -34.1763 -21.6326 -34.619 -19.8461 -35.0541 -18.0584 -35.4825 -16.2697 -35.9048 -14.4802 -36.3219 -12.6898 -36.7343 -10.8987 -37.1429 -9.10701 -37.5481 -7.31472 -37.9506 -5.52196 -38.351 -3.72881 -38.7497 -1.93536 -39.1473 -0.141683 -39.5444 1.65213 -39.9415 3.44601 -40.3391 5.23985 -40.7377 7.03358 -41.1378 8.82712 -41.5401 10.6204 -41.9451 12.4133 -42.3533 14.2057 -42.7654 15.9976 -43.1821 17.7888 -43.6039 19.5794 -44.0317 21.3691 -44.4662 23.1579 -44.9083 24.9456 -45.3588 26.7323 -45.8188 28.5177 -46.2894 30.3017 -46.7717 32.0843 -47.2671 33.8652 -47.7771 35.6444 -48.3033 37.4217 -48.8475 39.1969 -49.4119 40.9698 -49.9989 42.7401 -50.6112 44.5078 -51.2518 46.2724 -51.9243 48.0337 -52.633 49.7912 -53.3827 51.5446 -54.179 53.2933 -55.0287 55.0367 -55.9398 56.774 -56.9219 58.5044 -57.9867 60.2267 -59.1482 61.9396 -60.4239 63.6414 -61.8354 65.3298 -63.4097 67.002 -65.1811 68.6543 -67.1935 70.2819 -69.5035 71.8782 -72.185 73.4344 -75.3349 74.9381 -79.0802 76.372 -83.5865 77.7118 -89.0627 78.9235 -95.7542 79.9607 -103.904 80.7644 -113.647 81.27 -124.836 81.4247 -136.881 81.423 -136.881 81.2683 -124.838 80.7627 -113.651 79.9591 -103.909 78.9221 -95.76 77.7106 -89.0686 76.3708 -83.5924 74.937 -79.0858 73.4335 -75.3402 71.8774 -72.19 70.2811 -69.5082 68.6535 -67.1979 67.0012 -65.1853 65.3291 -63.4137 63.6407 -61.8391 61.939 -60.4275 60.2261 -59.1516 58.5038 -57.9899 56.7735 -56.925 55.0361 -55.9428 53.2927 -55.0316 51.5441 -54.1817 49.7907 -53.3853 48.0332 -52.6356 46.2719 -51.9268 44.5073 -51.2542 42.7397 -50.6135 40.9693 -50.0012 39.1964 -49.4142 37.4212 -48.8497 35.644 -48.3054 33.8648 -47.7792 32.0838 -47.2692 30.3013 -46.7737 28.5172 -46.2914 26.7318 -45.8208 24.9452 -45.3607 23.1574 -44.9102 21.3687 -44.4681 19.579 -44.0336 17.7884 -43.6058 15.9972 -43.1839 14.2053 -42.7672 12.4129 -42.3551 10.62 -41.9469 8.82672 -41.5419 7.03319 -41.1396 5.23946 -40.7394 3.44561 -40.3408 1.65174 -39.9433 -0.142076 -39.5462 -1.93575 -39.1491 -3.72921 -38.7514 -5.52236 -38.3527 -7.31512 -37.9524 -9.1074 -37.5499 -10.8991 -37.1447 -12.6902 -36.7361 -14.4806 -36.3237 -16.2701 -35.9066 -18.0588 -35.4843 -19.8465 -35.056 -21.633 -34.6209 -23.4184 -34.1782 -25.2026 -33.7269 -26.9853 -33.2661 -28.7666 -32.7947 -30.5463 -32.3114 -32.3242 -31.8149 -34.1004 -31.3038 -35.8745 -30.7764 -37.6465 -30.2308 -39.4162 -29.6648 -41.1834 -29.0762 -42.9478 -28.4622 -44.7094 -27.8197 -46.4677 -27.1449 -48.2224 -26.4339 -49.9733 -25.6817 -51.7197 -24.8825 -53.4614 -24.0297 -55.1975 -23.1151 -56.9275 -22.1291 -58.6503 -21.06 -60.3649 -19.8937 -62.0699 -18.6126 -63.7635 -17.195 -65.4436 -15.6139 -67.1074 -13.8347 -68.751 -11.8135 -70.3698 -9.49348 -71.957 -6.8007 -73.5039 -3.63824 -74.9979 0.120944 -76.4219 4.64173 -77.7516 10.1317 -78.9529 16.8336 -79.9798 24.9852 -80.7739 34.7157 -81.2716 45.87 -81.4212 57.8606 -81.4194 57.8604</gml:posList>
            </sentinel-safe:footPrint>
          </sentinel-safe:frameSet>
        </xmlData>
      </metadataWrap>
    </metadataObject>
    <metadataObject ID="sralProductInformation" classification="DESCRIPTION" category="DMD">
      <metadataWrap mimeType="text/xml" vocabularyName="Sentinel-SAFE" textInfo="">
        <xmlData>
          <sralProductInformation>
            <sral:ellipsoidSemiMajorAxis>6378137.000000</sral:ellipsoidSemiMajorAxis>
            <sral:ellipsoidFlattening>0.003353</sral:ellipsoidFlattening>
            <sral:lrmModePercentage>100</sral:lrmModePercentage>
            <sral:sarModePercentage>0</sral:sarModePercentage>
            <sral:landPercentage>5</sral:landPercentage>
            <sral:closedSeaPercentage>0</sral:closedSeaPercentage>
            <sral:continentalIcePercentage>10</sral:continentalIcePercentage>
            <sral:openOceanPercentage>84</sral:openOceanPercentage>
            <sral:bandDescriptions bands="2">
              <sral:band name="C">
                <sral:centralFrequency>5409999872.000000</sral:centralFrequency>
                <sral:bandwidth>290000000.000000</sral:bandwidth>
              </sral:band>
              <sral:band name="Ku">
                <sral:centralFrequency>13575000064.000000</sral:centralFrequency>
                <sral:bandwidth>320000000.000000</sral:bandwidth>
              </sral:band>
            </sral:bandDescriptions>
            <sral:missingElements>
              <sral:numberOfGaps>36</sral:numberOfGaps>
              <sral:elementMissing startTime="2016-03-03T00:16:56.526047Z" stopTime="2016-03-03T00:16:57.183011Z"/>
              <sral:elementMissing startTime="2016-03-03T00:17:14.959500Z" stopTime="2016-03-03T00:17:16.623220Z"/>
              <sral:elementMissing startTime="2016-03-03T00:17:17.081640Z" stopTime="2016-03-03T00:17:18.745360Z"/>
              <sral:elementMissing startTime="2016-03-03T00:17:19.713135Z" stopTime="2016-03-03T00:17:20.403883Z"/>
              <sral:elementMissing startTime="2016-03-03T00:17:21.626336Z" stopTime="2016-03-03T00:17:22.391927Z"/>
              <sral:elementMissing startTime="2016-03-03T00:17:32.171545Z" stopTime="2016-03-03T00:17:33.853977Z"/>
              <sral:elementMissing startTime="2016-03-03T00:17:36.859171Z" stopTime="2016-03-03T00:17:37.752103Z"/>
              <sral:elementMissing startTime="2016-03-03T00:35:15.937041Z" stopTime="2016-03-03T00:35:16.605439Z"/>
              <sral:elementMissing startTime="2016-03-03T00:35:21.648052Z" stopTime="2016-03-03T00:35:22.263958Z"/>
              <sral:elementMissing startTime="2016-03-03T00:35:24.912603Z" stopTime="2016-03-03T00:35:25.603350Z"/>
              <sral:elementMissing startTime="2016-03-03T00:35:26.316448Z" stopTime="2016-03-03T00:35:26.913641Z"/>
              <sral:elementMissing startTime="2016-03-03T00:35:29.358544Z" stopTime="2016-03-03T00:35:30.929229Z"/>
              <sral:elementMissing startTime="2016-03-03T00:35:40.556036Z" stopTime="2016-03-03T00:35:41.459880Z"/>
              <sral:elementMissing startTime="2016-03-03T00:35:57.453628Z" stopTime="2016-03-03T00:35:58.451027Z"/>
              <sral:elementMissing startTime="2016-03-03T00:36:02.525867Z" stopTime="2016-03-03T00:36:03.718694Z"/>
              <sral:elementMissing startTime="2016-03-03T00:36:04.890209Z" stopTime="2016-03-03T00:36:06.397485Z"/>
              <sral:elementMissing startTime="2016-03-03T00:36:24.123040Z" stopTime="2016-03-03T00:36:24.997260Z"/>
              <sral:elementMissing startTime="2016-03-03T00:36:55.609495Z" stopTime="2016-03-03T00:36:57.266457Z"/>
              <sral:elementMissing startTime="2016-03-03T00:37:01.341297Z" stopTime="2016-03-03T00:37:02.069466Z"/>
              <sral:elementMissing startTime="2016-03-03T00:37:06.755531Z" stopTime="2016-03-03T00:37:08.775800Z"/>
              <sral:elementMissing startTime="2016-03-03T00:57:01.990846Z" stopTime="2016-03-03T00:57:06.178470Z"/>
              <sral:elementMissing startTime="2016-03-03T00:57:08.827119Z" stopTime="2016-03-03T00:57:10.441458Z"/>
              <sral:elementMissing startTime="2016-03-03T00:57:11.511105Z" stopTime="2016-03-03T00:57:12.302688Z"/>
              <sral:elementMissing startTime="2016-03-03T00:57:13.372332Z" stopTime="2016-03-03T00:57:16.430539Z"/>
              <sral:elementMissing startTime="2016-03-03T00:57:16.888959Z" stopTime="2016-03-03T00:57:18.787607Z"/>
              <sral:elementMissing startTime="2016-03-03T00:57:19.653510Z" stopTime="2016-03-03T00:57:25.453915Z"/>
              <sral:elementMissing startTime="2016-03-03T00:57:30.089047Z" stopTime="2016-03-03T00:57:34.123347Z"/>
              <sral:elementMissing startTime="2016-03-03T00:57:34.785509Z" stopTime="2016-03-03T00:57:35.505886Z"/>
              <sral:elementMissing startTime="2016-03-03T00:58:13.809384Z" stopTime="2016-03-03T00:58:15.472061Z"/>
              <sral:elementMissing startTime="2016-03-03T00:58:16.032353Z" stopTime="2016-03-03T00:58:18.106678Z"/>
              <sral:elementMissing startTime="2016-03-03T00:58:24.982970Z" stopTime="2016-03-03T00:58:26.630578Z"/>
              <sral:elementMissing startTime="2016-03-03T01:00:01.625288Z" stopTime="2016-03-03T01:00:09.673616Z"/>
              <sral:elementMissing startTime="2016-03-03T01:00:32.441786Z" stopTime="2016-03-03T01:00:34.018183Z"/>
              <sral:elementMissing startTime="2016-03-03T01:00:38.194895Z" stopTime="2016-03-03T01:00:39.861212Z"/>
              <sral:elementMissing startTime="2016-03-03T01:00:40.268697Z" stopTime="2016-03-03T01:00:43.104974Z"/>
              <sral:elementMissing startTime="2016-03-03T01:00:43.818070Z" stopTime="2016-03-03T01:00:45.514016Z"/>
            </sral:missingElements>
          </sralProductInformation>
        </xmlData>
      </metadataWrap>
    </metadataObject>
  </metadataSection>
  <dataObjectSection>
    <dataObject ID="MeasurementData">
      <byteStream mimeType="application/x-netcdf" size="32987411">
        <fileLocation locatorType="URL" href="measurement.nc" textInfo="Measurement Data Object File"/>
        <checksum checksumName="MD5">7a543a6b97e967594890d4daa103a1eb</checksum>
      </byteStream>
    </dataObject>
  </dataObjectSection>
</xfdu:XFDU>
